Workbook

Sheet Sheet1
A1: 1. Я думаю, що хотів(-ла) б користуватися цим застосунком часто. | B1: 2. Я вважаю, що застосунок є надмірно складним. | C1: 3. Мені здалося, що користуватися застосунком легко. | D1: 4. Я думаю, що мені знадобилася б підтримка досвідчених користувачів, щоб мати змогу користуватися цим застосунком. | E1: 5. Я вважаю, що різні функції застосунка добре інтегровані між собою. | F1: 6. Я вважаю, що в застосунку є занадто багато невідповідностей. | G1: 7. Я можу уявити, що більшість людей дуже швидко навчиться користуватися цим застосунком. | H1: 8. Застосунок здався мені дуже незручним у використанні. | I1: 9. Я почувався(-лась) дуже впевнено, використовуючи застосунок. | J1: 10. Мені потрібно було засвоїти багато нового, перш ніж я міг(-ла) розпочати використання цього застосунку. | K1: SUS
A2: =int(left('Form Responses 1'!C2,1)) -> 3 | B2: =int(left('Form Responses 1'!D2,1)) -> 2 | C2: =int(left('Form Responses 1'!E2,1)) -> 4 | D2: =int(left('Form Responses 1'!F2,1)) -> 2 | E2: =int(left('Form Responses 1'!G2,1)) -> 4 | F2: =int(left('Form Responses 1'!H2,1)) -> 1 | G2: =int(left('Form Responses 1'!I2,1)) -> 4 | H2: =int(left('Form Responses 1'!J2,1)) -> 1 | ... J2: =int(left('Form Responses 1'!L2,1)) -> 2 | K2: =((A2-1)+(5-B2)+(C2-1)+(5-D2)+(E2-1)+(5-F2)+(G2-1)+(5-H2)+(I2-1)+(5-J2))*2.5 -> 75
A3: =int(left('Form Responses 1'!C3,1)) -> 4 | B3: =int(left('Form Responses 1'!D3,1)) -> 2 | C3: =int(left('Form Responses 1'!E3,1)) -> 5 | D3: =int(left('Form Responses 1'!F3,1)) -> 1 | E3: =int(left('Form Responses 1'!G3,1)) -> 4 | F3: =int(left('Form Responses 1'!H3,1)) -> 4 | G3: =int(left('Form Responses 1'!I3,1)) -> 5 | H3: =int(left('Form Responses 1'!J3,1)) -> 2 | ... J3: =int(left('Form Responses 1'!L3,1)) -> 1 | K3: =((A3-1)+(5-B3)+(C3-1)+(5-D3)+(E3-1)+(5-F3)+(G3-1)+(5-H3)+(I3-1)+(5-J3))*2.5 -> 80
A4: =int(left('Form Responses 1'!C4,1)) -> 5 | B4: =int(left('Form Responses 1'!D4,1)) -> 1 | C4: =int(left('Form Responses 1'!E4,1)) -> 5 | D4: =int(left('Form Responses 1'!F4,1)) -> 1 | E4: =int(left('Form Responses 1'!G4,1)) -> 5 | F4: =int(left('Form Responses 1'!H4,1)) -> 2 | G4: =int(left('Form Responses 1'!I4,1)) -> 5 | H4: =int(left('Form Responses 1'!J4,1)) -> 5 | ... J4: =int(left('Form Responses 1'!L4,1)) -> 1 | K4: =((A4-1)+(5-B4)+(C4-1)+(5-D4)+(E4-1)+(5-F4)+(G4-1)+(5-H4)+(I4-1)+(5-J4))*2.5 -> 85
A5: =int(left('Form Responses 1'!C5,1)) -> 4 | B5: =int(left('Form Responses 1'!D5,1)) -> 2 | C5: =int(left('Form Responses 1'!E5,1)) -> 4 | D5: =int(left('Form Responses 1'!F5,1)) -> 1 | E5: =int(left('Form Responses 1'!G5,1)) -> 4 | F5: =int(left('Form Responses 1'!H5,1)) -> 2 | G5: =int(left('Form Responses 1'!I5,1)) -> 3 | H5: =int(left('Form Responses 1'!J5,1)) -> 1 | ... J5: =int(left('Form Responses 1'!L5,1)) -> 1 | K5: =((A5-1)+(5-B5)+(C5-1)+(5-D5)+(E5-1)+(5-F5)+(G5-1)+(5-H5)+(I5-1)+(5-J5))*2.5 -> 80
A6: =int(left('Form Responses 1'!C6,1)) -> 4 | B6: =int(left('Form Responses 1'!D6,1)) -> 2 | C6: =int(left('Form Responses 1'!E6,1)) -> 4 | D6: =int(left('Form Responses 1'!F6,1)) -> 1 | E6: =int(left('Form Responses 1'!G6,1)) -> 3 | F6: =int(left('Form Responses 1'!H6,1)) -> 4 | G6: =int(left('Form Responses 1'!I6,1)) -> 4 | H6: =int(left('Form Responses 1'!J6,1)) -> 1 | ... J6: =int(left('Form Responses 1'!L6,1)) -> 1 | K6: =((A6-1)+(5-B6)+(C6-1)+(5-D6)+(E6-1)+(5-F6)+(G6-1)+(5-H6)+(I6-1)+(5-J6))*2.5 -> 75
A10: Result SUS | B10: =AVERAGE(K:K) -> 79

Sheet Form Responses 1
A1: Timestamp | B1: Код учасника | C1: 1. Я думаю, що хотів(-ла) б користуватися цим застосунком часто. | D1: 2. Я вважаю, що застосунок є надмірно складним. | E1: 3. Мені здалося, що користуватися застосунком легко. | F1: 4. Я думаю, що мені знадобилася б підтримка досвідчених користувачів, щоб мати змогу користуватися цим застосунком. | G1: 5. Я вважаю, що різні функції застосунка добре інтегровані між собою. | H1: 6. Я вважаю, що в застосунку є занадто багато невідповідностей. | I1: 7. Я можу уявити, що більшість людей дуже швидко навчиться користуватися цим застосунком. | J1: 8. Застосунок здався мені дуже незручним у використанні. | K1: 9. Я почувався(-лась) дуже впевнено, використовуючи застосунок. | L1: 10. Мені потрібно було засвоїти багато нового, перш ніж я міг(-ла) розпочати використання цього застосунку. | M1: Що вам найбільше сподобалося в застосунку? | N1: Що вам найбільше завадило в користуванні або здалося незрозумілим? | O1: Загальна оцінка застосунку (1 = дуже погано, 10 = відмінно)
A2: 46131.538 | B2: P1 | C2: 3 — Нейтрально | D2: 2 — Не погоджуюся | E2: 4 — Погоджуюся | F2: 2 — Не погоджуюся | G2: 4 — Погоджуюся | H2: 1 — Зовсім не погоджуюся | I2: 4 — Погоджуюся | J2: 1 — Зовсім не погоджуюся | K2: 3 — Нейтрально | L2: 2 — Не погоджуюся | O2: 9
A3: 46131.832 | B3: П02 | C3: 4 — Погоджуюся | D3: 2 — Не погоджуюся | E3: 5 — Повністю погоджуюся | F3: 1 — Зовсім не погоджуюся | G3: 4 — Погоджуюся | H3: 4 — Погоджуюся | I3: 5 — Повністю погоджуюся | J3: 2 — Не погоджуюся | K3: 4 — Погоджуюся | L3: 1 — Зовсім не погоджуюся | O3: 6
A4: 46131.989 | B4: P5 | C4: 5 — Повністю погоджуюся | D4: 1 — Зовсім не погоджуюся | E4: 5 — Повністю погоджуюся | F4: 1 — Зовсім не погоджуюся | G4: 5 — Повністю погоджуюся | H4: 2 — Не погоджуюся | I4: 5 — Повністю погоджуюся | J4: 5 — Повністю погоджуюся | K4: 4 — Погоджуюся | L4: 1 — Зовсім не погоджуюся | M4: Зрозуміло вказано про пропозиції, вони посортовані, заходи | N4: Локація | O4: 10
A5: 46133.832 | B5: P4 | C5: 4 — Погоджуюся | D5: 2 — Не погоджуюся | E5: 4 — Погоджуюся | F5: 1 — Зовсім не погоджуюся | G5: 4 — Погоджуюся | H5: 2 — Не погоджуюся | I5: 3 — Нейтрально | J5: 1 — Зовсім не погоджуюся | K5: 4 — Погоджуюся | L5: 1 — Зовсім не погоджуюся | O5: 8
A6: 46134.933 | B6: P6 | C6: 4 — Погоджуюся | D6: 2 — Не погоджуюся | E6: 4 — Погоджуюся | F6: 1 — Зовсім не погоджуюся | G6: 3 — Нейтрально | H6: 4 — Погоджуюся | I6: 4 — Погоджуюся | J6: 1 — Зовсім не погоджуюся | K6: 4 — Погоджуюся | L6: 1 — Зовсім не погоджуюся | M6: Знижки, багато знижок | N6: Фестивалі (вкладка Розваги) + доставка Loko | O6: 8
