Workbook

Sheet Form Responses 1
A1: Timestamp | B1: Код учасника | C1: 1. Я думаю, що хотів(-ла) б користуватися цим застосунком часто. | D1: 2. Я вважаю, що застосунок є надмірно складним. | E1: 3. Мені здалося, що користуватися застосунком легко. | F1: 4. Я думаю, що мені знадобилася б підтримка досвідчених користувачів, щоб мати змогу користуватися цим застосунком. | G1: 5. Я вважаю, що різні функції застосунка добре інтегровані між собою. | H1: 6. Я вважаю, що в застосунку є занадто багато невідповідностей. | I1: 7. Я можу уявити, що більшість людей дуже швидко навчиться користуватися цим застосунком. | J1: 8. Застосунок здався мені дуже незручним у використанні. | K1: 9. Я почувався(-лась) дуже впевнено, використовуючи застосунок. | L1: 10. Мені потрібно було засвоїти багато нового, перш ніж я міг(-ла) розпочати використання цього застосунку. | M1: Що вам найбільше сподобалося в застосунку? | N1: Що вам найбільше завадило в користуванні або здалося незрозумілим? | O1: Загальна оцінка застосунку (1 = дуже погано, 10 = відмінно)
A2: 46126.829 | B2: P1 | C2: 3 — Нейтрально | D2: 2 — Не погоджуюся | E2: 5 — Повністю погоджуюся | F2: 1 — Зовсім не погоджуюся | G2: 4 — Погоджуюся | H2: 2 — Не погоджуюся | I2: 4 — Погоджуюся | J2: 1 — Зовсім не погоджуюся | K2: 4 — Погоджуюся | L2: 2 — Не погоджуюся | M2: Найбільше сподобалось те, що є багато пропозицій для користувачів, де можна витратити балобонуси (персональні, від партнерів і тд). Також класно, що є колесо фортуни, щоб випробувати удачі та виграти акціі на улюблені товари. Також будо відкриттям, що Сільпо організовує заходи, різні майстеркласи і тд | N2: Насправді додаток досить зрозумілий для користувача. Єдине, що я задумалась в тому моменті, коли розбиралась із акціями та можливостями витратити балобонуси | O2: 9
A3: 46126.894 | B3: P2 | C3: 5 — Повністю погоджуюся | D3: 1 — Зовсім не погоджуюся | E3: 5 — Повністю погоджуюся | F3: 1 — Зовсім не погоджуюся | G3: 4 — Погоджуюся | H3: 2 — Не погоджуюся | I3: 4 — Погоджуюся | J3: 1 — Зовсім не погоджуюся | K3: 1 — Зовсім не погоджуюся | L3: 1 — Зовсім не погоджуюся | M3: Багато можливостей та різноманітні послуги. Доволі зручни та інтуїтивний інтерфейс | N3: Можливість переходити в один розділ багатьма способами збиває з толку. Наприклад в розділ Пропозиції та його підрозділи (від партнерів і тд) можна переходити з головного меню так і всредині розділу. Це трішки псує ієрархію і спершу стоврює враження, що це різні розділи. Також приклад із балобонусами у які можна перейти різними шляхами із головного екрану | O3: 8
A4: 46127.01 | B4: P3 | C4: 4 — Погоджуюся | D4: 3 — Нейтрально | E4: 4 — Погоджуюся | F4: 2 — Не погоджуюся | G4: 4 — Погоджуюся | H4: 3 — Нейтрально | I4: 4 — Погоджуюся | J4: 2 — Не погоджуюся | K4: 3 — Нейтрально | L4: 2 — Не погоджуюся | N4: Функціонал, який дублюється в різних частинах додатку | O4: 7
A5: 46127.873 | B5: P4 | C5: 3 — Нейтрально | D5: 1 — Зовсім не погоджуюся | E5: 5 — Повністю погоджуюся | F5: 1 — Зовсім не погоджуюся | G5: 5 — Повністю погоджуюся | H5: 2 — Не погоджуюся | I5: 5 — Повністю погоджуюся | J5: 1 — Зовсім не погоджуюся | K5: 5 — Повністю погоджуюся | L5: 1 — Зовсім не погоджуюся | M5: Колесо фртуни | N5: Наявність інфи про фестивалі | O5: 9
A6: 46127.939 | B6: P5 | C6: 3 — Нейтрально | D6: 1 — Зовсім не погоджуюся | E6: 5 — Повністю погоджуюся | F6: 2 — Не погоджуюся | G6: 4 — Погоджуюся | H6: 2 — Не погоджуюся | I6: 5 — Повністю погоджуюся | J6: 1 — Зовсім не погоджуюся | K6: 4 — Погоджуюся | L6: 1 — Зовсім не погоджуюся | M6: Перелік рецептів і продуктів, з яких можна приготувати конкретну страву | O6: 9

Sheet Sheet1
A1: 1. Я думаю, що хотів(-ла) б користуватися цим застосунком часто. | B1: 2. Я вважаю, що застосунок є надмірно складним. | C1: 3. Мені здалося, що користуватися застосунком легко. | D1: 4. Я думаю, що мені знадобилася б підтримка досвідчених користувачів, щоб мати змогу користуватися цим застосунком. | E1: 5. Я вважаю, що різні функції застосунка добре інтегровані між собою. | F1: 6. Я вважаю, що в застосунку є занадто багато невідповідностей. | G1: 7. Я можу уявити, що більшість людей дуже швидко навчиться користуватися цим застосунком. | H1: 8. Застосунок здався мені дуже незручним у використанні. | I1: 9. Я почувався(-лась) дуже впевнено, використовуючи застосунок. | J1: 10. Мені потрібно було засвоїти багато нового, перш ніж я міг(-ла) розпочати використання цього застосунку. | K1: SUS
A2: =int(left('Form Responses 1'!C2,1)) -> 3 | B2: =int(left('Form Responses 1'!D2,1)) -> 2 | C2: =int(left('Form Responses 1'!E2,1)) -> 5 | D2: =int(left('Form Responses 1'!F2,1)) -> 1 | E2: =int(left('Form Responses 1'!G2,1)) -> 4 | F2: =int(left('Form Responses 1'!H2,1)) -> 2 | G2: =int(left('Form Responses 1'!I2,1)) -> 4 | H2: =int(left('Form Responses 1'!J2,1)) -> 1 | ... J2: =int(left('Form Responses 1'!L2,1)) -> 2 | K2: =((A2-1)+(5-B2)+(C2-1)+(5-D2)+(E2-1)+(5-F2)+(G2-1)+(5-H2)+(I2-1)+(5-J2))*2.5 -> 80
A3: =int(left('Form Responses 1'!C3,1)) -> 5 | B3: =int(left('Form Responses 1'!D3,1)) -> 1 | C3: =int(left('Form Responses 1'!E3,1)) -> 5 | D3: =int(left('Form Responses 1'!F3,1)) -> 1 | E3: =int(left('Form Responses 1'!G3,1)) -> 4 | F3: =int(left('Form Responses 1'!H3,1)) -> 2 | G3: =int(left('Form Responses 1'!I3,1)) -> 4 | H3: =int(left('Form Responses 1'!J3,1)) -> 1 | ... J3: =int(left('Form Responses 1'!L3,1)) -> 1 | K3: =((A3-1)+(5-B3)+(C3-1)+(5-D3)+(E3-1)+(5-F3)+(G3-1)+(5-H3)+(I3-1)+(5-J3))*2.5 -> 82.5
A4: =int(left('Form Responses 1'!C4,1)) -> 4 | B4: =int(left('Form Responses 1'!D4,1)) -> 3 | C4: =int(left('Form Responses 1'!E4,1)) -> 4 | D4: =int(left('Form Responses 1'!F4,1)) -> 2 | E4: =int(left('Form Responses 1'!G4,1)) -> 4 | F4: =int(left('Form Responses 1'!H4,1)) -> 3 | G4: =int(left('Form Responses 1'!I4,1)) -> 4 | H4: =int(left('Form Responses 1'!J4,1)) -> 2 | ... J4: =int(left('Form Responses 1'!L4,1)) -> 2 | K4: =((A4-1)+(5-B4)+(C4-1)+(5-D4)+(E4-1)+(5-F4)+(G4-1)+(5-H4)+(I4-1)+(5-J4))*2.5 -> 67.5
A5: =int(left('Form Responses 1'!C5,1)) -> 3 | B5: =int(left('Form Responses 1'!D5,1)) -> 1 | C5: =int(left('Form Responses 1'!E5,1)) -> 5 | D5: =int(left('Form Responses 1'!F5,1)) -> 1 | E5: =int(left('Form Responses 1'!G5,1)) -> 5 | F5: =int(left('Form Responses 1'!H5,1)) -> 2 | G5: =int(left('Form Responses 1'!I5,1)) -> 5 | H5: =int(left('Form Responses 1'!J5,1)) -> 1 | ... J5: =int(left('Form Responses 1'!L5,1)) -> 1 | K5: =((A5-1)+(5-B5)+(C5-1)+(5-D5)+(E5-1)+(5-F5)+(G5-1)+(5-H5)+(I5-1)+(5-J5))*2.5 -> 92.5
A6: =int(left('Form Responses 1'!C6,1)) -> 3 | B6: =int(left('Form Responses 1'!D6,1)) -> 1 | C6: =int(left('Form Responses 1'!E6,1)) -> 5 | D6: =int(left('Form Responses 1'!F6,1)) -> 2 | E6: =int(left('Form Responses 1'!G6,1)) -> 4 | F6: =int(left('Form Responses 1'!H6,1)) -> 2 | G6: =int(left('Form Responses 1'!I6,1)) -> 5 | H6: =int(left('Form Responses 1'!J6,1)) -> 1 | ... J6: =int(left('Form Responses 1'!L6,1)) -> 1 | K6: =((A6-1)+(5-B6)+(C6-1)+(5-D6)+(E6-1)+(5-F6)+(G6-1)+(5-H6)+(I6-1)+(5-J6))*2.5 -> 85
A10: Result SUS | B10: =AVERAGE(K:K) -> 81.5
